# имя	ID	размер (длинная сторона, px)	[для видео: отрезки в секундах]
# Все фото — телефон автора; кадры Наташи (P207–P216) не взяты.
hero	P186	2200
palec	P159	1400
zdanie	P002	1600
park	P004	1400
salgirka	P009	1600
salgir	P011	1400
kholm	P015	1600
serdce	P018	1400
# снят со страницы 05.10.2026: vodokhranilishche	P020	1600
belka	P026	1400
kanny	P028	1400
fontan-sad	P033	1600
usadba	P037	1600
# снят со страницы 05.10.2026: yagody	P038	1400
bashnya	P046	1400
teleskop	P048	1600
vid-gory	P051	1600
kuvshiny	P059	1600
lesa	P068	1600
portal	P071	1400
fontan-slez	P074	1400
nadpis	P075	1400
zolotoy	P076	1400
divan	P079	1600
skala-bakh	P096	1600
monastyr	P109	1600
kelya	P111	1600
tablo	P119	1400
selfi-more	P121	1600
greben	P129	1600
tropa	P139	1600
vid	P147	1600
spusk	P174	1600
vorota	P181	1000
flex	P192	1400
koktebel	P203	1600
opunciya	P204	1600
mindal	P205	1400
v-belka	V02	1280	10-21
v-teleskop	V04	1280	0-13
v-karadag	V06	1280	0-14
v-gruppa	V07	1280	0-12
