# имя	ID	размер	отрезки видео (сек)
hero	P011	2200
binokl	P162	1400
stela	P163	1400
tablichka	P166	1600
nogi	P177	1400
v-dron-bereg	V01	1280	44-66
parom	P190	2000
v-parom	V09	1280	4-27
platforma	P191	1600
parovoz	P194	1600
dron-port	P034	2000
nerpochka	P214	1600
okno	P199	1400
polovinnaya	P206	1600
nos	P208	1600
v-okno	V15	1280	66-82,92-104
dron-poezd	P044	2000
slyudyanka	P218	1600
vokzal	P050	1600
dom-rezba	P051	1600
dekabrskih	P054	1400
buuzy	P057	1400
datsan	P058	2000
dalai-lama	P059	1600
kolchak	P063	1400
dron-angara	P066	2000
v-dron-angara	V02	1280	3-30
graffiti	P074	1600
mashina	P079	1600
tsoy	P084	1400
kazanskaya	P091	1400
dron-kupola	P093	2000
v-dron-kupola	V03	1280	2-26
dom-nalichniki	P101	1600
zheny	P103	1600
lestnica	P107	1600
dron-sobor	P117	2000
osnovateli	P126	1400
aleksandr	P133	1400
dramteatr	P142	1600
korgi	P131	1600
babr	P132	1600
koshka	P152	1600
margelov	P159	1600
vokzal-vecher	P161	2000
