id	file	taken	lat	lon	alt	w	h	camera	error
P001	01.jpg	2022-06-03 09:46:37				3456	4608	COL-L29	
P002	02.jpg	2022-06-03 22:34:41				4608	3456	COL-L29	
P003	03.jpg	2022-06-05 07:06:51	53.71489	91.44119	211	3456	4608	COL-L29	
P004	04.jpg	2022-06-05 07:06:54	53.71489	91.44119	0	3456	4608	COL-L29	
P005	05.jpg	2022-06-05 07:44:20	53.71643	91.44085	214	4608	3456	COL-L29	
P006	06.jpg	2022-06-05 07:57:11	53.71819	91.45743	0	4608	3456	COL-L29	
P007	07.jpg	2022-06-05 07:57:34	53.7187	91.45771	207	3456	4608	COL-L29	
P008	08.jpg	2022-06-05 08:10:40	53.72274	91.45638	217	4608	3456	COL-L29	
P009	09.jpg	2022-06-05 08:16:31	53.72281	91.44854	212	4608	3456	COL-L29	
P010	10.jpg	2022-06-05 08:18:49	53.72271	91.44617	0	4608	3456	COL-L29	
P011	11.jpg	2022-06-05 12:13:42				4608	3456	COL-L29	
P012	12.jpg	2022-06-05 12:13:48				4608	3456	COL-L29	
P013	13.jpg	2022-06-05 12:14:59				4608	3456	COL-L29	
P014	14.jpg	2022-06-05 12:15:04				4608	3456	COL-L29	
P015	15.jpg	2022-06-05 12:15:14				4608	3456	COL-L29	
P016	16.jpg	2022-06-05 12:20:41				4608	3456	COL-L29	
P017	17.jpg	2022-06-05 12:21:10				3456	4608	COL-L29	
P018	18.jpg	2022-06-05 12:22:42				4608	3456	COL-L29	
P019	19.jpg	2022-06-05 12:22:50				4608	3456	COL-L29	
P020	20.jpg	2022-06-05 12:36:41				3456	4608	COL-L29	
P021	21.jpg	2022-06-05 12:38:08				3456	4608	COL-L29	
P022	22.jpg	2022-06-05 12:40:14				4608	3456	COL-L29	
P023	23.jpg	2022-06-05 12:51:41				3456	4608	COL-L29	
P024	25.jpg	2022-06-05 13:17:26				4608	3456	COL-L29	
P025	26.jpg	2022-06-05 13:17:31				4608	3456	COL-L29	
P026	27.jpg	2022-06-05 13:17:40				3456	4608	COL-L29	
P027	28.jpg	2022-06-05 13:17:42				3456	4608	COL-L29	
P028	29.jpg	2022-06-05 13:17:52				4608	3456	COL-L29	
P029	30.jpg	2022-06-05 13:18:07				5632	4224	COL-L29	
P030	31.jpg	2022-06-05 13:33:53				4608	3456	COL-L29	
P031	32.jpg	2022-06-05 17:14:36				4608	3456	COL-L29	
P032	33.jpg	2022-06-05 17:14:45				4608	3456	COL-L29	
P033	34.jpg	2022-06-05 17:18:20				4608	3456	COL-L29	
P034	35.jpg	2022-06-05 17:18:28				4608	3456	COL-L29	
P035	36.jpg	2022-06-05 17:19:53				4608	3456	COL-L29	
P036	37.jpg	2022-06-05 17:22:40				4608	3456	COL-L29	
P037	38.jpg	2022-06-05 17:26:00				4608	3456	COL-L29	
P038	39.jpg	2022-06-05 17:26:04				4608	3456	COL-L29	
P039	40.jpg	2022-06-05 17:26:18				4608	3456	COL-L29	
P040	41.jpg	2022-06-05 17:30:29	53.70211	91.51675	320	4608	3456	COL-L29	
P041	42.jpg	2022-06-05 18:01:10	53.73944	91.43204	195	3456	4608	COL-L29	
P042	43.jpg	2022-06-05 18:08:06	53.73946	91.4318	212	4608	3456	COL-L29	
P043	44.jpg	2022-06-05 18:32:02				4608	3456	COL-L29	
P044	45.jpg	2022-06-05 18:32:46				4608	3456	COL-L29	
P045	46.jpg	2022-06-05 18:46:24	53.72369	91.43285	203	4608	3456	COL-L29	
P046	47.jpg	2022-06-05 18:46:41	53.72367	91.43274	208	4608	3456	COL-L29	
P047	48.jpg	2022-06-05 18:54:46				3456	4608	COL-L29	
P048	49.jpg	2022-06-05 19:35:07				4608	3456	COL-L29	
P049	ГЭС.jpg	2022-06-05 13:17:52				2400	1516	COL-L29	