name	id	w	h	taken
hero	P072	2200	1650	2022-05-03 19:24:33
plakat	P001	1050	1400	2022-05-03 12:27:16
simbirsk	P005	1400	1050	2022-05-03 14:31:24
po-2	P008	1600	1200	2022-05-03 14:53:35
il-62	P021	1600	1200	2022-05-03 15:12:27
il-86	P030	1600	1200	2022-05-03 15:17:47
tu-154	P036	2000	1500	2022-05-03 15:22:32
selfi	P043	1600	1200	2022-05-03 15:33:40
m-15	P048	1600	1200	2022-05-03 15:39:18
tu-144	P051	2000	1500	2022-05-03 15:48:47
salon	P057	1600	1200	2022-05-03 15:56:39
goncharov	P058	1600	1200	2022-05-03 17:32:00
divan	P060	1600	1200	2022-05-03 17:34:53
my-tut	P061	1050	1400	2022-05-03 17:42:47
opolaskivatel	P064	1050	1400	2022-05-03 17:50:14
oduvanchik	P065	1050	1400	2022-05-03 17:53:43
bukva-yo	P066	1050	1400	2022-05-03 17:58:00
muzey	P068	2000	1500	2022-05-03 18:00:59
most	P069	2000	1500	2022-05-03 18:05:53
vlyublennye	P070	1050	1400	2022-05-03 18:06:40
deti-voyny	P073	1400	1050	2022-05-03 19:26:31
dron-zvezda	P075	2000	1125	2022-05-03 19:36:42
dron-volga	P077	2000	1125	2022-05-03 19:36:52
dron-bereg	P079	2000	1125	2022-05-03 19:36:58
dron-nabereghnaya	P081	2000	1125	2022-05-03 19:37:04