id	file	taken	seconds	size	hdr	mb
V01	1/007_min.mp4	≈2022-03-07 00:09:44	14.2	1080x1920		3
V02	1/011_min.mp4	≈2022-03-07 12:09:34	21.0	1080x1920		5
V03	1/012_min.mp4	≈2022-03-07 12:16:39	5.2	1080x1920		1
V04	1/014_min.mp4	≈2022-03-07 12:16:39	9.8	1080x1920		2
V05	1/030_min.mp4	≈2022-03-07 12:48:20	8.1	1080x1920		2
V06	1/031_min.mp4	≈2022-03-07 12:51:57	9.3	1080x1920		2
V07	1/033_min.mp4	≈2022-03-07 12:51:57	1.5	1080x1920		0
V08	1/060_min.mp4	≈2022-03-07 18:33:35	22.5	1080x1920		6
V09	1/061_min.mp4	≈2022-03-07 19:07:35	21.6	1080x1920		6
V10	1/073_min.mp4	≈2022-03-07 20:12:49	42.1	1080x1920		12
V11	1/079_min.mp4	≈2022-03-07 21:12:47	9.7	1080x1920		2
V12	1/089_min.mp4	≈2022-03-07 21:23:40	48.0	1080x1920		13
V13	1/090_min.mp4	≈2022-03-07 21:44:45	10.6	1080x1920		2
V14	1/096_min.mp4	≈2022-03-07 22:08:38	21.2	1080x1920		6
V15	1/099_min.mp4	≈2022-03-07 22:12:23	4.3	1080x1920		1
V16	1/104_min.mp4	≈2022-03-07 22:12:53	17.8	1080x1920		5