# код	slug	папки архива (через « | »; корень региона — media.py сам обходит подпапки, папки на «_» пропускает)	примечание
1	01-adygeya	G:\_foto\РОССИЯ\01. Республика Адыгея (г. Майкоп)	
2	02-bashkortostan	G:\_foto\РОССИЯ\02. Республика Башкортостан (г. Уфа)	
3	03-buryatia	G:\_foto\РОССИЯ\03. Республика Бурятия (г. Улан-Удэ)	
5	05-dagestan	G:\_foto\РОССИЯ\05. Республика Дагестан (г. Махачкала)	
6	06-ingushetia	G:\_foto\РОССИЯ\06. Республика Ингушетия (г. Магас)	
7	07-kabardino-balkaria	G:\_foto\РОССИЯ\07. Республика Кабардино-Балкария (г. Нальчик)	подпапки Нальчик и Эльбрус — две статьи ВК (7-2, 7)
8	08-kalmykia	G:\_foto\РОССИЯ\08. Республика Калмыкия (г. Элиста)	
9	09-karachay-cherkessia	G:\_foto\РОССИЯ\09. Республика Карачаево-Черкесия (г. Черкесск)	
10	10-karelia	G:\_foto\РОССИЯ\10. Республика Карелия (г. Петрозаводск)	подпапки 01. Петрозаводск (статья 10) и 02. Крепость Корела (10-2)
11	11-komi	G:\_foto\РОССИЯ\11. Республика Коми (г. Сыктывкар)	
12	12-mari-el	G:\_foto\РОССИЯ\12. Республика Марий Эл (г. Йошкар-Ола)	
13	13-mordovia	G:\_foto\РОССИЯ\13. Республика Мордовия (г. Саранск)	
14	14-yakutia	G:\_foto\РОССИЯ\14. Республика Якутия (г. Якутск, г. Мирный)	подпапка 02. Мирный в статье ВК не использована; для сайта берём весь архив
15	15-north-ossetia	G:\_foto\РОССИЯ\15. Республика Северная Осетия-Алания (г. Владикавказ)	
16	16-tatarstan	G:\_foto\РОССИЯ\16. Татарстан (г. Казань)	
17	17-tuva	G:\_foto\РОССИЯ\17. Республика Тыва (г. Кызыл)	
18	18-udmurtia	G:\_foto\РОССИЯ\18. Удмуртская республика (г. Ижевск)	
19	19-khakassia	G:\_foto\РОССИЯ\19. Республика Хакасия (г. Абакан)	
20	20-chechnya	G:\_foto\РОССИЯ\95 (20). Чеченская республика (г. Грозный)	
21	21-chuvashia	G:\_foto\РОССИЯ\21. Чувашская республика (г. Чебоксары)	
23	23-krasnodar	G:\_foto\РОССИЯ\23. Краснодарский край | G:\_foto\РОССИЯ\Сириус	Сириус — та же статья 23
24	24-krasnoyarsk	G:\_foto\РОССИЯ\24. Красноярский край	
25	25-primorye	G:\_foto\РОССИЯ\25. Приморский край (г. Владивосток)	
26	26-stavropol	G:\_foto\РОССИЯ\26. Ставропольский край	подпапки Ставрополь (26), Пятигорск (26-2), «от Лены» (не проверено)
27	27-khabarovsk	G:\_foto\РОССИЯ\27. Хабаровский край	
28	28-amur	G:\_foto\РОССИЯ\28. Амурская область (г. Благовещенск)	
29	29-arkhangelsk	G:\_foto\РОССИЯ\29. Архангельская область	
30	30-astrakhan	G:\_foto\РОССИЯ\30. Астраханская область	
33	33-vladimir	G:\_foto\РОССИЯ\33. Владимирская область	
34	34-volgograd	G:\_foto\РОССИЯ\34. Волгоградская область	подпапки 1 и 2 — одна статья
35	35-vologda	G:\_foto\РОССИЯ\35. Вологодская область	
36	36-voronezh	G:\_foto\РОССИЯ\36. Воронежская область	
37	37-ivanovo	G:\_foto\РОССИЯ\37. Ивановская область	
38	38-irkutsk	G:\_foto\РОССИЯ\38. Иркутская область	подпапки 1 (38-1) и 2 (38-2)
39	39-kaliningrad	G:\_foto\РОССИЯ\39. Калининградская область	8 подпапок, 7 статей (39-1…39-7)
40	40-kaluga	G:\_foto\РОССИЯ\40. Калужская область	
41	41-kamchatka	G:\_foto\РОССИЯ\41. Камчатский край (г. Петропавловск-Камчатский)	
42	42-kemerovo	G:\_foto\РОССИЯ\42. Кемеровская область	
43	43-kirov	G:\_foto\РОССИЯ\43. Кировская область	
44	44-kostroma	G:\_foto\РОССИЯ\44. Костромская область	
45	45-kurgan	G:\_foto\РОССИЯ\45. Курганская область	
46	46-kursk	G:\_foto\РОССИЯ\46. Курская область	
47	47-leningrad	G:\_foto\РОССИЯ\47. Ленинградская область	подпапки 1. Выборг (47-1), 2. Гатчина (47-2)
48	48-lipetsk	G:\_foto\РОССИЯ\48. Липецкая область	
51	51-murmansk	G:\_foto\РОССИЯ\51. Мурманская область	
52	52-nizhny-novgorod	G:\_foto\РОССИЯ\52. Нижегородская область	
53	53-novgorod	G:\_foto\РОССИЯ\53. Новгородская область	
54	54-novosibirsk	G:\_foto\РОССИЯ\54. Новосибирская область	подпапки 1. Новосибирск (54), 2. Академгородок (54-2), фото в корне
55	55-omsk	G:\_foto\РОССИЯ\55. Омская область	
56	56-orenburg	G:\_foto\РОССИЯ\56. Оренбургская область	
57	57-oryol	G:\_foto\РОССИЯ\57. Орловская область (г. Орёл)	
58	58-penza	G:\_foto\РОССИЯ\58. Пензенская область	
59	59-perm	G:\_foto\РОССИЯ\59. Пермский край	
60	60-pskov	G:\_foto\РОССИЯ\60. Псковская область	
61	61-rostov	G:\_foto\РОССИЯ\61. Ростовская область	
62	62-ryazan	G:\_foto\РОССИЯ\62. Рязанская область	
63	63-samara	G:\_foto\РОССИЯ\63. Самарская область	
64	64-saratov	G:\_foto\РОССИЯ\64. Саратовская область	
65	65-sakhalin	G:\_foto\РОССИЯ\65. Сахалинская область (г. Южно-Сахалинск)	
66	66-sverdlovsk	G:\_foto\РОССИЯ\66. Свердловская область (г. Екатеринбург)	
67	67-smolensk	G:\_foto\РОССИЯ\67. Смоленская область (г. Смоленск)	
68	68-tambov	G:\_foto\РОССИЯ\68. Тамбовская область (г. Тамбов)	
69	69-tver	G:\_foto\РОССИЯ\69. Тверская область	
70	70-tomsk	G:\_foto\РОССИЯ\70. Томская область	
71	71-tula	G:\_foto\РОССИЯ\71. Тульская область	
72	72-tyumen	G:\_foto\РОССИЯ\72. Тюменская область (г. Тюмень)	подпапки Тюмень (72), Тобольск (72-2)
73	73-ulyanovsk	G:\_foto\РОССИЯ\73. Ульяновская область	
74	74-chelyabinsk	G:\_foto\РОССИЯ\74. Челябинская область	
75	75-zabaykalsky	G:\_foto\РОССИЯ\75. Забайкальский край (г. Чита)	
76	76-yaroslavl	G:\_foto\РОССИЯ\76. Ярославская область	
78	78-spb	G:\_foto\РОССИЯ\78. Город федерального значения Санкт-Петербург	около 1800 файлов, 4 статьи; деление по частям не проверено
79	79-jewish-ao	G:\_foto\РОССИЯ\79. Еврейская автономная область (г. Биробиджан)	
83	83-nenets	G:\_foto\РОССИЯ\83. Ненецкий автономный округ (г. Нарьян-Мар)	
86	86-khanty-mansi	G:\_foto\РОССИЯ\86. Ханты-Мансийский автономный округ - Югра (г. Ханты-Мансийск)	
89	89-yamal	G:\_foto\РОССИЯ\89. Ямало-Ненецкий автономный округ (г. Салехард)	
