# имя	ID	размер (длинная сторона, px)	[для видео: отрезки в секундах через запятую]
# Кадр kit-fontan.jpg сделан вручную из видео V13 (3-я секунда, зум, шумоподавление) — export его не создаёт.
hero	P622	2200
samolet	P002	1600
teatr	P015	1600
lodka	P057	1600
mamont	P091	1600
ryba	P101	1400
ustricy	P127	1600
tomaty	P138	1600
flot	P170	2000
tuman	P202	1600
mayak	P207	1600
sivuchi	P243	1600
ostrov-dron	P876	1600
vysadka	P274	1600
grib	P316	1600
moroshka	P412	1400
granit	P365	1600
zagon	P444	1600
kit	P484	1600
krik	P486	1400
zakat	P497	1600
shtolnya	P551	1600
kristall	P549	1400
sopki	P617	2000
flag	P588	1600
hrebet	P641	1600
pryzhok	P676	1600
krasnaya	P711	1600
korona	P724	1600
kern	P731	2000
zhimolost	P750	1400
gruppa	P905	1600
idol	P766	1600
maska	P812	1600
maska-szadi	P820	1400
svarnoy	P835	1600
vyshka	P860	1400
aeroport	P873	1400
v-muravyi	V46	1280	29-37,50-58
v-salut	V52	1280	8-20
v-shtolnya	V56	1280	20-30
